iter	RMSE
0	0.3308538758
1	0.3212990362
2	0.3157497046
3	0.3125752365
4	0.3107771053
5	0.3097447189
6	0.309143342
7	0.3088000831
8	0.3085826323
9	0.308453445
10	0.3083585574
11	0.3082981595
12	0.3082379199
13	0.3081988666
14	0.3081615752
15	0.3081362928
16	0.3081085365
17	0.3080793795
18	0.3080569144
19	0.3080398186
20	0.3080254859
