iter	RMSE
0	0.2872611135
1	0.280689251
